<metadata xml:lang="en"><Esri><CreaDate>20170516</CreaDate><CreaTime>07161300</CreaTime><ArcGISFormat>1.0</ArcGISFormat><SyncOnce>FALSE</SyncOnce><DataProperties><itemProps><itemName Sync="TRUE">shortlist_layer</itemName><imsContentType Sync="TRUE">002</imsContentType><itemLocation><linkage Sync="TRUE">file://\\NCORBIN\C$\Users\nico8720\Documents\misc\shortlist_layer.shp</linkage><protocol Sync="TRUE">Local Area Network</protocol></itemLocation><itemSize Sync="TRUE">0.000</itemSize></itemProps><coordRef><type Sync="TRUE">Projected</type><geogcsn Sync="TRUE">GCS_WGS_1984</geogcsn><csUnits Sync="TRUE">Linear Unit: Meter (1.000000)</csUnits><projcsn Sync="TRUE">WGS_1984_Web_Mercator_Auxiliary_Sphere</projcsn><peXml Sync="TRUE">&lt;ProjectedCoordinateSystem xsi:type='typens:ProjectedCoordinateSystem' xmlns:xsi='http://www.w3.org/2001/XMLSchema-instance' xmlns:xs='http://www.w3.org/2001/XMLSchema' xmlns:typens='http://www.esri.com/schemas/ArcGIS/10.5'&gt;&lt;WKT&gt;PROJCS[&amp;quot;WGS_1984_Web_Mercator_Auxiliary_Sphere&amp;quot;,GEOGCS[&amp;quot;GCS_WGS_1984&amp;quot;,DATUM[&amp;quot;D_WGS_1984&amp;quot;,SPHEROID[&amp;quot;WGS_1984&amp;quot;,6378137.0,298.257223563]],PRIMEM[&amp;quot;Greenwich&amp;quot;,0.0],UNIT[&amp;quot;Degree&amp;quot;,0.0174532925199433]],PROJECTION[&amp;quot;Mercator_Auxiliary_Sphere&amp;quot;],PARAMETER[&amp;quot;False_Easting&amp;quot;,0.0],PARAMETER[&amp;quot;False_Northing&amp;quot;,0.0],PARAMETER[&amp;quot;Central_Meridian&amp;quot;,0.0],PARAMETER[&amp;quot;Standard_Parallel_1&amp;quot;,0.0],PARAMETER[&amp;quot;Auxiliary_Sphere_Type&amp;quot;,0.0],UNIT[&amp;quot;Meter&amp;quot;,1.0],AUTHORITY[&amp;quot;EPSG&amp;quot;,3857]]&lt;/WKT&gt;&lt;XOrigin&gt;-20037700&lt;/XOrigin&gt;&lt;YOrigin&gt;-30241100&lt;/YOrigin&gt;&lt;XYScale&gt;148923141.92838538&lt;/XYScale&gt;&lt;ZOrigin&gt;-100000&lt;/ZOrigin&gt;&lt;ZScale&gt;10000&lt;/ZScale&gt;&lt;MOrigin&gt;-100000&lt;/MOrigin&gt;&lt;MScale&gt;10000&lt;/MScale&gt;&lt;XYTolerance&gt;0.001&lt;/XYTolerance&gt;&lt;ZTolerance&gt;0.001&lt;/ZTolerance&gt;&lt;MTolerance&gt;0.001&lt;/MTolerance&gt;&lt;HighPrecision&gt;true&lt;/HighPrecision&gt;&lt;WKID&gt;102100&lt;/WKID&gt;&lt;LatestWKID&gt;3857&lt;/LatestWKID&gt;&lt;/ProjectedCoordinateSystem&gt;</peXml></coordRef><lineage><Process ToolSource="c:\program files (x86)\arcgis\desktop10.5\ArcToolbox\Toolboxes\Conversion Tools.tbx\FeatureClassToFeatureClass" Date="20170516" Time="071613">FeatureClassToFeatureClass "Database Connections\chocotaco@dataowner.sde\chocotaco.DATAOWNER.shortlist_layer" C:\Users\nico8720\Documents\misc\misc.gdb shortlist_layer # "NAME "NAME" true true false 256 Text 0 0 ,First,#,Database Connections\chocotaco@dataowner.sde\chocotaco.DATAOWNER.shortlist_layer,NAME,-1,-1;TAB_NAME "TAB_NAME" true true false 256 Text 0 0 ,First,#,Database Connections\chocotaco@dataowner.sde\chocotaco.DATAOWNER.shortlist_layer,TAB_NAME,-1,-1;SHORT_DESC "SHORT_DESC" true true false 256 Text 0 0 ,First,#,Database Connections\chocotaco@dataowner.sde\chocotaco.DATAOWNER.shortlist_layer,SHORT_DESC,-1,-1;DESC1 "DESC1" true true false 256 Text 0 0 ,First,#,Database Connections\chocotaco@dataowner.sde\chocotaco.DATAOWNER.shortlist_layer,DESC1,-1,-1;DESC2 "DESC2" true true false 256 Text 0 0 ,First,#,Database Connections\chocotaco@dataowner.sde\chocotaco.DATAOWNER.shortlist_layer,DESC2,-1,-1;DESC3 "DESC3" true true false 310 Text 0 0 ,First,#,Database Connections\chocotaco@dataowner.sde\chocotaco.DATAOWNER.shortlist_layer,DESC3,-1,-1;DESC4 "DESC4" true true false 256 Text 0 0 ,First,#,Database Connections\chocotaco@dataowner.sde\chocotaco.DATAOWNER.shortlist_layer,DESC4,-1,-1;DESC5 "DESC5" true true false 256 Text 0 0 ,First,#,Database Connections\chocotaco@dataowner.sde\chocotaco.DATAOWNER.shortlist_layer,DESC5,-1,-1;WEBSITE "WEBSITE" true true false 256 Text 0 0 ,First,#,Database Connections\chocotaco@dataowner.sde\chocotaco.DATAOWNER.shortlist_layer,WEBSITE,-1,-1;PIC_URL "PIC_URL" true true false 256 Text 0 0 ,First,#,Database Connections\chocotaco@dataowner.sde\chocotaco.DATAOWNER.shortlist_layer,PIC_URL,-1,-1;THUMB_URL "THUMB_URL" true true false 256 Text 0 0 ,First,#,Database Connections\chocotaco@dataowner.sde\chocotaco.DATAOWNER.shortlist_layer,THUMB_URL,-1,-1;LAT "LAT" true true false 8 Double 8 38 ,First,#,Database Connections\chocotaco@dataowner.sde\chocotaco.DATAOWNER.shortlist_layer,LAT,-1,-1;LONG_ "LONG" true true false 8 Double 8 38 ,First,#,Database Connections\chocotaco@dataowner.sde\chocotaco.DATAOWNER.shortlist_layer,LONG_,-1,-1" #</Process><Process ToolSource="c:\program files (x86)\arcgis\desktop10.5\ArcToolbox\Toolboxes\Conversion Tools.tbx\FeatureClassToFeatureClass" Date="20170728" Time="100911">FeatureClassToFeatureClass C:\Users\nico8720\Documents\misc\misc.gdb\shortlist_layer C:\Users\nico8720\Documents\misc shortlist_layer.shp # "NAME "NAME" true true false 256 Text 0 0 ,First,#,C:\Users\nico8720\Documents\misc\misc.gdb\shortlist_layer,NAME,-1,-1;TAB_NAME "TAB_NAME" true true false 256 Text 0 0 ,First,#,C:\Users\nico8720\Documents\misc\misc.gdb\shortlist_layer,TAB_NAME,-1,-1;SHORT_DESC "SHORT_DESC" true true false 256 Text 0 0 ,First,#,C:\Users\nico8720\Documents\misc\misc.gdb\shortlist_layer,SHORT_DESC,-1,-1;DESC1 "DESC1" true true false 256 Text 0 0 ,First,#,C:\Users\nico8720\Documents\misc\misc.gdb\shortlist_layer,DESC1,-1,-1;DESC2 "DESC2" true true false 256 Text 0 0 ,First,#,C:\Users\nico8720\Documents\misc\misc.gdb\shortlist_layer,DESC2,-1,-1;DESC3 "DESC3" true true false 310 Text 0 0 ,First,#,C:\Users\nico8720\Documents\misc\misc.gdb\shortlist_layer,DESC3,-1,-1;DESC4 "DESC4" true true false 256 Text 0 0 ,First,#,C:\Users\nico8720\Documents\misc\misc.gdb\shortlist_layer,DESC4,-1,-1;DESC5 "DESC5" true true false 256 Text 0 0 ,First,#,C:\Users\nico8720\Documents\misc\misc.gdb\shortlist_layer,DESC5,-1,-1;WEBSITE "WEBSITE" true true false 256 Text 0 0 ,First,#,C:\Users\nico8720\Documents\misc\misc.gdb\shortlist_layer,WEBSITE,-1,-1;PIC_URL "PIC_URL" true true false 256 Text 0 0 ,First,#,C:\Users\nico8720\Documents\misc\misc.gdb\shortlist_layer,PIC_URL,-1,-1;THUMB_URL "THUMB_URL" true true false 256 Text 0 0 ,First,#,C:\Users\nico8720\Documents\misc\misc.gdb\shortlist_layer,THUMB_URL,-1,-1;LAT "LAT" true true false 8 Double 0 0 ,First,#,C:\Users\nico8720\Documents\misc\misc.gdb\shortlist_layer,LAT,-1,-1;LONG_ "LONG" true true false 8 Double 0 0 ,First,#,C:\Users\nico8720\Documents\misc\misc.gdb\shortlist_layer,LONG_,-1,-1" #</Process></lineage></DataProperties><SyncDate>20170728</SyncDate><SyncTime>10091100</SyncTime><ModDate>20170728</ModDate><ModTime>10091100</ModTime></Esri><dataIdInfo><envirDesc Sync="TRUE">Microsoft Windows 7 Version 6.1 (Build 7601) Service Pack 1; Esri ArcGIS 10.5.0.6491</envirDesc><dataLang><languageCode value="eng" Sync="TRUE"></languageCode><countryCode value="USA" Sync="TRUE"></countryCode></dataLang><idCitation><resTitle Sync="TRUE">shortlist_layer</resTitle><presForm><PresFormCd value="005" Sync="TRUE"></PresFormCd></presForm></idCitation><spatRpType><SpatRepTypCd value="001" Sync="TRUE"></SpatRepTypCd></spatRpType></dataIdInfo><mdLang><languageCode value="eng" Sync="TRUE"></languageCode><countryCode value="USA" Sync="TRUE"></countryCode></mdLang><distInfo><distFormat><formatName Sync="TRUE">Shapefile</formatName></distFormat><distTranOps><transSize Sync="TRUE">0.000</transSize></distTranOps></distInfo><mdHrLv><ScopeCd value="005" Sync="TRUE"></ScopeCd></mdHrLv><mdHrLvName Sync="TRUE">dataset</mdHrLvName><refSysInfo><RefSystem><refSysID><identCode code="3857" Sync="TRUE"></identCode><idCodeSpace Sync="TRUE">EPSG</idCodeSpace><idVersion Sync="TRUE">8.8(9.3.1.2)</idVersion></refSysID></RefSystem></refSysInfo><spatRepInfo><VectSpatRep><geometObjs Name="shortlist_layer"><geoObjTyp><GeoObjTypCd value="004" Sync="TRUE"></GeoObjTypCd></geoObjTyp><geoObjCnt Sync="TRUE">0</geoObjCnt></geometObjs><topLvl><TopoLevCd value="001" Sync="TRUE"></TopoLevCd></topLvl></VectSpatRep></spatRepInfo><spdoinfo><ptvctinf><esriterm Name="shortlist_layer"><efeatyp Sync="TRUE">Simple</efeatyp><efeageom code="1" Sync="TRUE"></efeageom><esritopo Sync="TRUE">FALSE</esritopo><efeacnt Sync="TRUE">0</efeacnt><spindex Sync="TRUE">FALSE</spindex><linrefer Sync="TRUE">FALSE</linrefer></esriterm></ptvctinf></spdoinfo><eainfo><detailed Name="shortlist_layer"><enttyp><enttypl Sync="TRUE">shortlist_layer</enttypl><enttypt Sync="TRUE">Feature Class</enttypt><enttypc Sync="TRUE">0</enttypc></enttyp><attr><attrlabl Sync="TRUE">FID</attrlabl><attalias Sync="TRUE">FID</attalias><attrtype Sync="TRUE">OID</attrtype><attwidth Sync="TRUE">4</attwidth><atprecis Sync="TRUE">0</atprecis><attscale Sync="TRUE">0</attscale><attrdef Sync="TRUE">Internal feature number.</attrdef><attrdefs Sync="TRUE">Esri</attrdefs><attrdomv><udom Sync="TRUE">Sequential unique whole numbers that are automatically generated.</udom></attrdomv></attr><attr><attrlabl Sync="TRUE">Shape</attrlabl><attalias Sync="TRUE">Shape</attalias><attrtype Sync="TRUE">Geometry</attrtype><attwidth Sync="TRUE">0</attwidth><atprecis Sync="TRUE">0</atprecis><attscale Sync="TRUE">0</attscale><attrdef Sync="TRUE">Feature geometry.</attrdef><attrdefs Sync="TRUE">Esri</attrdefs><attrdomv><udom Sync="TRUE">Coordinates defining the features.</udom></attrdomv></attr><attr><attrlabl Sync="TRUE">NAME</attrlabl><attalias Sync="TRUE">NAME</attalias><attrtype Sync="TRUE">String</attrtype><attwidth Sync="TRUE">254</attwidth><atprecis Sync="TRUE">0</atprecis><attscale Sync="TRUE">0</attscale></attr><attr><attrlabl Sync="TRUE">TAB_NAME</attrlabl><attalias Sync="TRUE">TAB_NAME</attalias><attrtype Sync="TRUE">String</attrtype><attwidth Sync="TRUE">254</attwidth><atprecis Sync="TRUE">0</atprecis><attscale Sync="TRUE">0</attscale></attr><attr><attrlabl Sync="TRUE">SHORT_DESC</attrlabl><attalias Sync="TRUE">SHORT_DESC</attalias><attrtype Sync="TRUE">String</attrtype><attwidth Sync="TRUE">254</attwidth><atprecis Sync="TRUE">0</atprecis><attscale Sync="TRUE">0</attscale></attr><attr><attrlabl Sync="TRUE">DESC1</attrlabl><attalias Sync="TRUE">DESC1</attalias><attrtype Sync="TRUE">String</attrtype><attwidth Sync="TRUE">254</attwidth><atprecis Sync="TRUE">0</atprecis><attscale Sync="TRUE">0</attscale></attr><attr><attrlabl Sync="TRUE">DESC2</attrlabl><attalias Sync="TRUE">DESC2</attalias><attrtype Sync="TRUE">String</attrtype><attwidth Sync="TRUE">254</attwidth><atprecis Sync="TRUE">0</atprecis><attscale Sync="TRUE">0</attscale></attr><attr><attrlabl Sync="TRUE">DESC3</attrlabl><attalias Sync="TRUE">DESC3</attalias><attrtype Sync="TRUE">String</attrtype><attwidth Sync="TRUE">254</attwidth><atprecis Sync="TRUE">0</atprecis><attscale Sync="TRUE">0</attscale></attr><attr><attrlabl Sync="TRUE">DESC4</attrlabl><attalias Sync="TRUE">DESC4</attalias><attrtype Sync="TRUE">String</attrtype><attwidth Sync="TRUE">254</attwidth><atprecis Sync="TRUE">0</atprecis><attscale Sync="TRUE">0</attscale></attr><attr><attrlabl Sync="TRUE">DESC5</attrlabl><attalias Sync="TRUE">DESC5</attalias><attrtype Sync="TRUE">String</attrtype><attwidth Sync="TRUE">254</attwidth><atprecis Sync="TRUE">0</atprecis><attscale Sync="TRUE">0</attscale></attr><attr><attrlabl Sync="TRUE">WEBSITE</attrlabl><attalias Sync="TRUE">WEBSITE</attalias><attrtype Sync="TRUE">String</attrtype><attwidth Sync="TRUE">254</attwidth><atprecis Sync="TRUE">0</atprecis><attscale Sync="TRUE">0</attscale></attr><attr><attrlabl Sync="TRUE">PIC_URL</attrlabl><attalias Sync="TRUE">PIC_URL</attalias><attrtype Sync="TRUE">String</attrtype><attwidth Sync="TRUE">254</attwidth><atprecis Sync="TRUE">0</atprecis><attscale Sync="TRUE">0</attscale></attr><attr><attrlabl Sync="TRUE">THUMB_URL</attrlabl><attalias Sync="TRUE">THUMB_URL</attalias><attrtype Sync="TRUE">String</attrtype><attwidth Sync="TRUE">254</attwidth><atprecis Sync="TRUE">0</atprecis><attscale Sync="TRUE">0</attscale></attr><attr><attrlabl Sync="TRUE">LAT</attrlabl><attalias Sync="TRUE">LAT</attalias><attrtype Sync="TRUE">Double</attrtype><attwidth Sync="TRUE">19</attwidth><atprecis Sync="TRUE">0</atprecis><attscale Sync="TRUE">0</attscale></attr><attr><attrlabl Sync="TRUE">LONG_</attrlabl><attalias Sync="TRUE">LONG_</attalias><attrtype Sync="TRUE">Double</attrtype><attwidth Sync="TRUE">19</attwidth><atprecis Sync="TRUE">0</atprecis><attscale Sync="TRUE">0</attscale></attr></detailed></eainfo><mdDateSt Sync="TRUE">20170728</mdDateSt></metadata>
